,n,Gemini 2.5 Flash,Qwen3-32B,LLaMA-3.3-70B,Llama 4 Scout 17B,Kimi K2,LLaMA-3-8B,GPT-OSS 120B,GPT-OSS 20B,Mistral-7B,DeepSeek R1 70B,Gemma 4 E4B
Low,10.0,0.9,0.8,0.8,0.8,0.9,0.8,0.5,0.6,0.6,0.3,0.8
Medium,28.0,0.9285714285714286,0.8928571428571429,0.7857142857142857,0.7857142857142857,0.7857142857142857,0.75,0.8928571428571429,0.8571428571428571,0.7142857142857143,0.75,0.5357142857142857
High,40.0,0.85,0.975,0.8,0.9,0.7,0.8,0.75,0.75,0.8,0.775,0.65
